MacStadium,atlanta,208.52.186.0/23
MacStadium,atlanta,207.254.116.0/23
MacStadium,atlanta,208.52.174.0/24
MacStadium,atlanta,63.135.166.0/24
MacStadium,atlanta,208.52.145.0/24
MacStadium,atlanta,207.254.0.0/20
MacStadium,atlanta,208.52.137.0/24
MacStadium,atlanta,216.126.44.0/23
MacStadium,atlanta,216.126.46.0/24
MacStadium,atlanta,208.52.158.0/23
MacStadium,atlanta,216.126.40.0/24
MacStadium,atlanta,208.52.185.0/24
MacStadium,atlanta,207.254.76.0/23
MacStadium,atlanta,63.135.170.0/24
MacStadium,atlanta,208.78.106.0/24
MacStadium,atlanta,208.78.105.0/24
MacStadium,atlanta,208.52.188.0/22
MacStadium,atlanta,208.78.107.0/24
MacStadium,atlanta,199.7.166.0/23
MacStadium,atlanta,208.52.182.0/24
MacStadium,atlanta,199.7.160.0/22
MacStadium,atlanta,208.83.2.0/23
MacStadium,atlanta,208.83.6.0/23
MacStadium,atlanta,208.52.170.0/24
MacStadium,atlanta,208.52.154.0/24
MacStadium,atlanta,208.52.168.0/24
MacStadium,atlanta,208.52.157.0/24
MacStadium,atlanta,208.52.180.0/24
MacStadium,atlanta,208.78.111.0/24
MacStadium,atlanta,208.78.104.0/24
MacStadium,atlanta,63.135.168.0/23
MacStadium,atlanta,208.52.151.0/24
MacStadium,atlanta,208.78.108.0/23
MacStadium,atlanta,207.254.16.0/22
MacStadium,atlanta,208.52.179.0/24
MacStadium,atlanta,199.7.164.0/23
MacStadium,atlanta,208.52.148.0/24
MacStadium,atlanta,208.52.131.0/24
MacStadium,atlanta,208.52.161.0/24
MacStadium,atlanta,208.52.166.0/24
MacStadium,atlanta,208.52.164.0/24
MacStadium,atlanta,207.254.78.0/23
MacStadium,atlanta,208.83.4.0/23
MacStadium,atlanta,208.78.110.0/24
MacStadium,las-vegas,207.254.56.0/21
MacStadium,las-vegas,207.254.64.0/22
MacStadium,las-vegas,207.254.40.0/21
MacStadium,las-vegas,207.254.118.0/23
MacStadium,las-vegas,207.254.20.0/23
MacStadium,las-vegas,207.254.48.0/21
MacStadium,las-vegas,207.254.72.0/22
MacStadium,las-vegas,207.254.120.0/21
MacStadium,las-vegas,207.254.32.0/21
MacStadium,dublin,207.254.112.0/22
MacStadium,dublin,208.83.0.0/24
MacStadium,dublin,208.83.1.0/24
MacStadium,dublin,207.254.68.0/22
MacStadium,dublin,207.254.100.0/22
MacStadium,dublin,207.254.22.0/23
MacStadium,dublin,207.254.24.0/21
